arm_idx,asset,horizon,regime,val_mse_final,pulls
0,BTC,1,high,0.004287402145564556,40
1,BTC,3,high,0.00923090148717165,40
2,BTC,7,high,0.017232906073331833,40
3,ETH,1,high,0.0031100756023079157,41
4,ETH,3,high,0.005700126755982637,39
5,ETH,7,high,0.00892325397580862,40
