n_arms,time_per_round_s,rounds_per_sec
5,0.14646816559998116,6.827422163059635
10,0.11706464063336171,8.542289068583317
20,0.13509197083330945,7.402364432405121
40,0.12063986791666442,8.289133743836489
