horizon,MAE,RMSE,sMAPE,DA,rounds_used,params,feature_set
1,0.531845,0.721256,21.411506,0.50778,50,21378,price
3,0.558205,0.756131,24.106033,0.508952,50,21378,price
7,0.601281,0.813588,27.541132,0.494818,50,21378,price
1,0.522925,0.711529,18.395278,0.500949,80,22658,aug
3,0.549666,0.748352,20.971013,0.505905,80,22658,aug
7,0.591812,0.803793,24.735474,0.505566,80,22658,aug
