horizon,mean,std,min,max
1,0.49220616312490567,0.7254535348553908,0.0376922935247421,3.9485294818878174
3,0.5327144043313132,0.7219036422903793,0.0651266574859619,3.7444000244140634
7,0.5944447941250272,0.7257335628442212,0.0997914001345634,3.977278470993042
