link,pearson,spearman
mae vs sharpe,-0.6631975198680201,-0.5428571428571428
rmse vs sharpe,-0.6674383468031223,-0.557142857142857
da vs sharpe,0.39085200018288274,0.35
