horizon,regime,RMSE
1,high,0.40254422798752787
1,low,0.3198016539216041
1,mid,0.4779160574078559
3,high,0.5483864456415175
3,low,0.46695874333381654
3,mid,0.6141441553831101
7,high,0.7908388450741768
7,low,0.7262321263551712
7,mid,0.8837344393134116
