horizon,CSDA_mean
1,0.46232842206954955
3,0.4886628329753876
7,0.49418795108795166
