horizon,alpha,exc_rate,exc_err,cvar_pred,cvar_emp,cvar_bias
1,0.01,0.00037950664409436285,-0.009620493355905637,-1.1783463790697624,-0.23046284914016724,0.9478835299295951
1,0.05,0.002277039922773838,-0.047722960077226165,-0.9937424272220795,-0.3412594795227051,0.6524829476993744
3,0.01,0.0,-0.01,-1.7075189281257128,,
3,0.05,0.0007619047537446022,-0.0492380952462554,-1.4280954586112133,-1.070340871810913,0.35775458680030026
7,0.01,0.0,-0.01,-2.381086243967934,,
7,0.05,0.0011516314698383212,-0.04884836853016168,-2.0612863476007948,-0.777393639087677,1.2838927085131178
